{"cameraMode":{"drawMode":0,"name":"Shaded","section":"Shading Mode"},"sceneLighting":false,"audioPlay":false,"sceneViewState":{"m_AlwaysRefresh":false,"showFog":true,"showSkybox":false,"showFlares":true,"showImageEffects":true,"showParticleSystems":true,"showVisualEffectGraphs":true,"m_FxEnabled":true},"in2DMode":false,"pivot":{"x":0.009179223328828812,"y":0.06994688510894776,"z":0.020887894555926324},"rotation":{"x":-0.20729392766952516,"y":0.003518939483910799,"z":-0.0007455717422999442,"w":-0.9782708287239075},"size":1.1570764780044556,"orthographic":false}