{"cameraMode":{"drawMode":0,"name":"Shaded","section":"Shading Mode"},"sceneLighting":true,"audioPlay":false,"sceneViewState":{"m_AlwaysRefresh":false,"showFog":true,"showSkybox":true,"showFlares":true,"showImageEffects":true,"showParticleSystems":true,"showVisualEffectGraphs":true,"m_FxEnabled":true},"in2DMode":false,"pivot":{"x":-7.329999923706055,"y":1.6800000667572022,"z":-0.1000000387430191},"rotation":{"x":0.007981441915035248,"y":0.9893189668655396,"z":-0.13286422193050385,"w":0.05943046137690544},"size":8.967774391174317,"orthographic":false}