{"cameraMode":{"drawMode":0,"name":"Shaded","section":"Shading Mode"},"sceneLighting":false,"audioPlay":false,"sceneViewState":{"m_AlwaysRefresh":false,"showFog":true,"showSkybox":false,"showFlares":true,"showImageEffects":true,"showParticleSystems":true,"showVisualEffectGraphs":true,"m_FxEnabled":true},"in2DMode":false,"pivot":{"x":-1.4889347553253174,"y":0.5249834060668945,"z":0.3643605709075928},"rotation":{"x":0.3282979428768158,"y":0.0014166588662192226,"z":-0.0004931055009365082,"w":0.9445770978927612},"size":2.080695867538452,"orthographic":false}