{"cameraMode":{"drawMode":0,"name":"Shaded","section":"Shading Mode"},"sceneLighting":true,"audioPlay":false,"sceneViewState":{"m_AlwaysRefresh":false,"showFog":true,"showSkybox":true,"showFlares":true,"showImageEffects":true,"showParticleSystems":true,"showVisualEffectGraphs":true,"m_FxEnabled":true},"in2DMode":false,"pivot":{"x":0.7735561728477478,"y":2.0796518325805666,"z":-1.3658852577209473},"rotation":{"x":0.10095004737377167,"y":-0.3806679844856262,"z":0.04185054078698158,"w":0.9182320237159729},"size":64.45722198486328,"orthographic":false}