{"cameraMode":{"drawMode":0,"name":"Shaded","section":"Shading Mode"},"sceneLighting":true,"audioPlay":false,"sceneViewState":{"m_AlwaysRefresh":false,"showFog":true,"showSkybox":true,"showFlares":true,"showImageEffects":true,"showParticleSystems":true,"showVisualEffectGraphs":true,"m_FxEnabled":true},"in2DMode":false,"pivot":{"x":0.09011107683181763,"y":0.8903582096099854,"z":-0.0008094310760498047},"rotation":{"x":-0.27052468061447146,"y":0.264812171459198,"z":-0.07767259329557419,"w":-0.9223108291625977},"size":9.383870124816895,"orthographic":false}