{"cameraMode":{"drawMode":0,"name":"Shaded","section":"Shading Mode"},"sceneLighting":true,"audioPlay":false,"sceneViewState":{"m_AlwaysRefresh":false,"showFog":true,"showSkybox":true,"showFlares":true,"showImageEffects":true,"showParticleSystems":true,"showVisualEffectGraphs":true,"m_FxEnabled":true},"in2DMode":false,"pivot":{"x":-1.2440431118011475,"y":-5.048305988311768,"z":20.727703094482423},"rotation":{"x":-0.16279341280460359,"y":0.05827202647924423,"z":-0.009631872177124024,"w":-0.9848912358283997},"size":13.83590316772461,"orthographic":false}