{"cameraMode":{"drawMode":0,"name":"Shaded","section":"Shading Mode"},"sceneLighting":false,"audioPlay":false,"sceneViewState":{"m_AlwaysRefresh":false,"showFog":true,"showSkybox":false,"showFlares":true,"showImageEffects":true,"showParticleSystems":true,"showVisualEffectGraphs":true,"m_FxEnabled":true},"in2DMode":false,"pivot":{"x":-0.49942857027053835,"y":0.10693913698196411,"z":-4.153195381164551},"rotation":{"x":0.1038922667503357,"y":0.3447956144809723,"z":-0.03843019902706146,"w":0.932119607925415},"size":1.2247449159622193,"orthographic":false}